	Original	Predicted
0	0	0
1	0	0
2	0	0
3	0	0
4	1	1
5	0	0
6	0	0
7	0	1
8	0	0
9	0	0
10	0	0
11	0	0
12	0	0
13	0	0
14	0	0
15	0	0
16	1	1
17	0	0
18	1	1
19	0	0
20	0	0
21	1	1
22	0	0
23	0	0
24	0	0
25	0	0
26	0	0
27	0	1
28	1	1
29	1	1
30	0	0
31	0	0
32	0	1
33	1	1
34	0	0
35	0	0
36	0	0
37	0	0
38	0	1
39	0	0
40	0	0
41	1	1
42	0	0
43	0	0
44	0	0
45	0	0
46	0	0
47	0	0
48	0	0
49	1	1
50	0	0
51	0	0
52	1	1
53	1	0
54	1	1
55	1	1
56	0	0
57	0	0
58	1	1
59	1	1
60	0	0
61	1	1
62	0	0
63	0	0
64	0	0
65	0	0
66	1	0
67	0	0
68	0	0
69	0	0
70	0	0
71	0	0
72	0	0
73	0	0
74	1	1
75	1	1
76	0	0
77	0	0
78	0	0
79	0	1
80	0	1
81	1	1
82	1	1
83	1	0
84	0	0
85	0	0
86	0	1
87	0	0
88	0	0
89	0	0
90	0	0
91	0	0
92	1	0
93	0	0
94	1	1
95	0	0
96	0	0
97	0	0
98	0	0
99	0	0
100	1	0
101	0	0
102	0	0
103	1	0
104	0	0
105	0	0
106	0	0
107	0	0
108	0	0
109	0	0
110	0	0
111	0	0
112	0	1
113	0	1
114	0	0
115	0	1
116	0	0
117	0	0
118	1	1
119	1	1
120	1	1
121	0	0
122	0	0
123	0	0
124	0	0
125	0	0
126	1	1
127	0	0
128	0	0
129	0	0
130	0	0
131	0	0
132	0	0
133	1	1
134	1	0
135	0	0
136	0	0
137	1	1
138	0	0
139	0	0
140	0	0
141	0	0
142	1	0
143	0	0
144	0	0
145	0	0
146	0	0
147	0	0
148	0	0
149	0	0
150	0	0
151	0	0
152	1	1
153	0	0
154	0	0
155	0	0
156	0	0
157	0	0
158	1	1
159	1	1
160	1	1
161	0	0
162	0	0
163	0	0
164	1	0
165	1	1
166	1	0
167	0	0
168	1	1
169	0	0
170	0	0
171	0	0
172	0	0
173	0	0
174	0	0
175	0	0
176	1	1
177	0	1
178	0	0
179	0	0
180	0	0
181	0	0
182	1	0
183	0	1
184	0	0
185	0	0
186	0	0
187	0	1
188	0	0
189	1	0
190	0	0
191	0	0
192	0	0
193	1	1
194	0	0
195	0	0
196	1	0
197	0	0
198	0	1
199	0	0
200	0	0
201	1	1
202	0	0
203	0	0
204	0	0
205	0	0
206	0	0
207	0	1
208	1	1
209	0	0
210	0	0
211	0	0
212	1	0
213	0	0
214	0	1
215	0	0
216	0	0
217	0	0
218	1	0
219	0	0
220	0	0
221	0	0
222	0	1
223	0	0
224	0	1
225	0	0
226	1	1
227	0	0
228	0	0
229	0	0
230	1	1
231	0	1
232	0	0
233	0	0
234	0	0
235	0	0
236	0	0
237	0	0
238	0	0
239	1	0
240	0	0
241	0	0
242	0	0
243	1	1
244	0	0
245	1	0
246	0	0
247	1	1
248	0	1
249	1	1
250	0	0
251	1	1
252	1	0
253	0	0
254	1	0
255	1	0
256	0	1
257	1	0
258	0	0
259	0	0
260	0	0
261	0	0
262	0	0
263	1	1
264	0	1
265	1	1
266	0	0
267	0	1
268	0	0
269	0	0
270	1	1
271	1	0
272	0	0
273	0	0
274	0	0
275	0	0
276	0	0
277	0	0
278	1	1
279	0	0
280	1	1
281	1	1
282	0	0
283	0	0
284	1	0
285	1	0
286	0	0
287	0	0
288	0	1
289	0	0
290	0	1
291	1	0
292	0	0
293	0	0
294	0	0
295	1	1
296	0	1
297	0	1
298	1	1
299	0	0
300	0	0
301	0	0
302	0	1
303	0	0
304	0	0
305	0	0
306	0	0
307	1	0
308	1	1
309	1	1
310	0	0
311	0	0
312	0	1
313	1	0
314	0	0
315	0	0
316	0	1
317	0	0
318	0	0
319	1	0
320	0	0
321	1	1
322	0	1
323	1	1
324	0	0
325	0	0
326	0	0
327	0	0
328	0	0
329	0	1
330	0	0
331	0	0
332	0	0
333	0	0
334	0	0
335	1	0
336	1	1
337	0	0
338	0	0
339	0	0
340	0	0
341	1	1
342	0	0
343	0	0
344	0	0
345	0	0
346	1	1
347	1	1
348	0	0
349	0	0
350	0	0
351	1	0
352	1	0
353	1	1
354	0	0
355	1	1
356	0	0
357	0	0
358	0	0
359	1	1
360	0	0
361	0	0
362	0	0
363	0	1
364	0	0
365	1	1
366	0	0
367	0	0
368	0	1
369	0	0
370	1	1
371	0	0
372	0	0
373	0	0
374	0	0
375	0	1
376	0	0
377	0	0
378	1	0
379	0	0
380	0	0
381	0	0
382	0	0
383	0	0
384	0	0
385	1	0
386	0	0
387	0	0
388	1	1
389	0	0
390	1	0
391	0	0
392	0	0
393	0	0
394	0	0
395	0	0
396	0	0
397	1	1
398	0	1
399	0	0
400	1	0
401	0	0
402	0	0
403	0	0
404	0	1
405	0	0
406	1	1
407	1	1
408	0	0
409	0	0
410	0	0
411	0	0
412	0	0
413	0	0
414	0	1
415	0	0
416	0	0
417	0	1
418	0	0
419	1	1
420	0	1
421	0	0
422	0	0
423	0	0
424	0	0
425	0	0
426	0	0
427	0	0
428	0	0
429	0	0
430	0	0
431	0	0
432	0	0
433	0	0
434	0	0
435	0	0
436	0	0
437	0	0
438	1	1
439	0	0
440	0	0
441	1	0
442	1	1
443	0	0
444	0	0
445	0	1
446	0	0
447	0	0
448	0	0
449	0	0
450	0	1
451	1	1
452	0	0
453	0	0
454	0	0
455	0	0
456	0	1
457	0	0
458	1	1
459	0	0
460	0	1
461	1	0
462	0	1
463	0	0
464	0	0
465	1	1
466	0	0
467	0	0
468	0	0
469	1	0
470	0	0
471	0	0
472	1	0
473	0	0
474	0	0
475	0	0
476	1	1
477	0	0
478	0	0
479	1	1
480	0	0
481	1	0
482	0	0
483	0	0
484	0	0
485	0	0
486	0	0
487	0	0
488	0	0
489	1	1
490	0	1
491	0	0
492	0	0
493	1	0
494	0	0
495	0	0
496	1	1
497	1	1
498	0	0
499	0	0
500	0	0
501	1	1
502	0	0
503	0	0
504	0	0
505	0	0
506	0	0
507	0	0
508	0	0
509	0	0
510	0	0
511	0	0
512	0	0
513	1	0
514	1	0
515	0	0
516	0	0
517	0	0
518	1	1
519	0	0
520	0	1
521	0	0
522	0	1
523	1	1
524	0	0
525	0	0
526	0	0
527	1	1
528	0	0
529	1	0
530	0	0
531	0	0
532	1	1
533	0	0
534	1	1
535	0	1
536	0	0
537	0	0
538	0	0
539	0	0
540	0	0
541	0	0
542	1	1
543	0	0
544	0	1
545	0	0
546	0	0
547	1	0
548	0	0
549	1	1
550	0	0
551	0	0
552	1	0
553	0	0
554	0	0
555	0	0
556	0	0
557	1	1
558	0	0
559	0	0
560	1	1
561	0	0
562	0	1
563	1	0
564	0	0
565	0	0
566	1	0
567	0	0
568	0	0
569	0	0
570	0	0
571	0	0
572	0	1
573	0	0
574	0	0
575	1	1
576	0	0
577	1	1
578	0	0
579	0	0
580	0	0
581	0	0
582	1	1
583	0	0
584	0	0
585	0	0
586	1	1
587	1	1
588	0	0
589	0	1
590	0	0
591	0	1
592	0	0
593	0	0
594	0	0
595	0	0
596	0	1
597	0	0
598	0	0
599	1	1
600	0	0
601	1	1
602	1	0
603	0	0
604	1	1
605	0	0
606	0	0
607	1	1
608	0	1
609	1	1
610	0	0
611	0	0
612	0	0
613	0	0
614	0	0
615	0	0
616	0	0
617	1	0
618	1	1
619	0	0
620	0	0
621	0	1
622	0	0
623	0	0
624	1	1
625	0	0
626	1	1
627	0	0
628	0	0
629	0	0
630	0	0
631	1	1
632	0	0
633	1	1
634	0	0
635	0	0
636	0	0
637	0	0
638	0	0
639	1	1
640	0	1
641	0	0
642	1	1
643	0	0
644	0	0
645	0	0
646	1	1
647	1	0
648	0	0
649	0	0
650	0	0
651	0	1
652	0	0
653	0	0
654	0	0
655	0	0
656	0	0
657	0	0
658	1	1
659	1	1
660	0	0
661	0	0
662	1	1
663	1	0
664	0	0
665	1	1
666	0	1
667	0	0
668	1	1
669	0	0
670	0	0
671	0	0
672	0	0
673	0	0
674	1	1
675	0	0
676	0	0
677	0	0
678	0	0
679	1	0
680	1	0
681	0	0
682	0	0
683	1	1
684	0	1
685	1	1
686	1	1
687	0	0
688	0	0
689	0	0
690	1	0
691	0	0
692	1	1
693	0	1
694	0	0
695	0	0
696	0	1
697	1	1
698	0	0
699	0	0
700	0	0
701	0	0
702	0	0
703	1	1
704	0	0
705	0	0
706	0	0
707	0	0
708	0	0
709	0	0
710	0	0
711	1	0
712	0	0
713	0	0
714	0	0
715	1	1
716	0	0
717	1	1
718	0	1
719	0	0
720	0	0
721	0	0
722	0	0
723	1	0
724	0	0
725	1	1
726	0	0
727	0	0
728	0	1
729	1	1
730	0	0
731	0	0
732	0	0
733	0	1
734	0	0
735	0	0
736	0	1
737	0	0
738	0	0
739	0	0
740	1	0
741	0	0
742	0	0
743	0	0
744	0	0
745	0	0
746	0	0
747	1	1
748	0	0
749	0	1
750	0	0
751	0	0
752	0	0
753	0	0
754	0	0
755	0	0
756	1	1
757	0	0
758	0	0
759	0	0
760	0	1
761	0	0
762	0	0
763	0	1
764	0	0
765	1	1
766	0	0
767	0	1
768	0	1
769	0	1
770	0	1
771	0	0
772	1	1
773	1	0
774	0	0
775	0	0
776	1	1
777	0	0
778	0	0
779	0	0
780	1	0
781	0	0
782	0	0
783	0	0
784	0	0
785	1	1
786	0	0
787	1	1
788	0	0
789	1	0
790	1	0
791	0	0
792	0	0
793	1	1
794	0	0
795	0	0
796	0	1
797	1	1
798	0	0
799	1	1
800	0	0
801	1	1
802	0	0
803	0	0
804	1	1
805	0	0
806	0	0
807	1	1
808	0	0
809	1	1
810	0	0
811	0	0
812	0	0
813	0	0
814	0	0
815	1	1
816	1	1
817	1	1
818	0	1
819	1	1
820	0	0
821	0	0
822	0	0
823	0	0
824	0	0
825	0	0
826	0	1
827	0	0
828	1	0
829	0	0
830	1	1
831	1	0
832	0	0
833	0	0
834	0	0
835	0	0
836	0	0
837	0	1
838	0	0
839	0	0
840	0	0
841	1	0
842	1	0
843	0	0
844	1	1
845	0	0
846	1	1
847	1	0
848	0	0
849	0	1
850	0	0
851	0	0
852	0	0
853	0	0
854	0	0
855	0	0
856	0	1
857	0	0
858	1	0
859	0	0
860	0	0
861	0	0
862	0	0
863	0	0
864	0	0
865	0	0
866	0	0
867	0	0
868	0	0
869	0	0
870	0	0
871	0	0
872	0	0
873	0	0
874	0	0
875	0	0
876	1	0
877	1	1
878	0	0
879	0	0
880	0	0
881	0	0
882	0	0
883	0	0
884	0	0
885	0	0
886	0	0
887	0	0
888	0	0
889	1	1
890	1	1
891	0	0
892	0	0
893	1	1
894	0	0
895	0	0
896	0	0
897	1	1
898	1	0
899	0	0
900	1	1
901	0	0
902	1	1
903	0	0
904	0	0
905	0	0
906	0	0
907	0	0
908	0	0
909	0	0
910	0	0
911	1	0
912	0	0
913	0	0
914	0	0
915	0	0
916	0	0
917	0	0
918	0	0
919	1	0
920	1	1
921	0	0
922	0	0
923	0	0
924	0	0
925	0	0
926	1	1
927	0	1
928	0	0
929	0	0
930	0	0
931	1	1
932	1	0
933	0	0
934	0	0
935	0	1
936	0	0
937	0	0
938	0	0
939	0	0
940	0	0
941	0	0
942	0	1
943	0	0
944	1	0
945	1	1
946	0	1
947	0	0
948	1	0
949	1	1
950	0	0
951	0	0
952	0	0
953	1	1
954	0	1
955	0	0
956	0	1
957	0	0
958	0	0
959	0	0
960	0	0
961	1	1
962	0	0
963	1	0
964	0	0
965	0	0
966	0	0
967	1	1
968	0	0
969	0	0
970	0	0
971	0	0
972	0	0
973	0	0
974	0	0
975	0	0
976	0	0
977	1	1
978	0	0
979	0	0
980	0	0
981	0	0
982	0	0
983	0	0
984	1	1
985	0	1
986	1	1
987	1	1
988	0	0
989	0	0
990	0	1
991	0	0
992	1	1
993	0	0
994	0	0
995	1	1
996	0	0
997	0	0
998	1	0
999	1	0
1000	0	0
1001	0	0
1002	0	0
1003	1	1
1004	0	0
1005	0	0
1006	1	0
1007	1	0
1008	1	0
1009	0	0
1010	0	0
1011	0	1
1012	1	1
1013	0	0
1014	0	0
1015	1	1
1016	0	0
1017	0	1
1018	0	0
1019	0	0
1020	0	0
1021	0	0
1022	0	0
1023	0	0
1024	1	0
1025	0	0
1026	1	1
1027	1	1
1028	1	1
1029	0	1
1030	0	0
1031	0	0
1032	0	0
1033	1	1
1034	0	0
1035	0	0
1036	0	1
1037	0	0
1038	0	0
1039	0	0
1040	0	0
1041	1	1
1042	0	1
1043	0	0
1044	0	0
1045	0	0
1046	0	0
1047	0	0
1048	0	0
1049	0	0
1050	0	0
1051	0	1
1052	1	1
1053	0	0
1054	0	0
1055	0	0
1056	0	0
1057	0	0
1058	0	0
1059	0	0
1060	0	0
1061	0	1
1062	0	0
1063	1	1
1064	1	0
1065	0	0
1066	1	0
1067	1	1
1068	1	1
1069	0	1
1070	0	0
1071	0	1
1072	0	0
1073	0	0
1074	0	0
1075	0	0
1076	0	0
1077	0	0
1078	0	0
1079	0	0
1080	0	0
1081	0	0
1082	1	1
1083	0	0
1084	0	0
1085	0	0
1086	0	0
1087	0	0
1088	0	0
1089	0	0
1090	0	1
1091	0	0
1092	0	0
1093	0	0
1094	0	0
1095	0	0
1096	1	0
1097	0	0
1098	0	0
1099	0	0
1100	0	0
1101	0	0
1102	1	1
1103	0	0
1104	0	0
1105	1	1
1106	0	0
1107	0	0
1108	0	0
1109	0	0
1110	0	0
1111	1	1
1112	0	0
1113	0	0
1114	0	0
1115	1	0
1116	0	0
1117	0	0
1118	0	1
1119	0	0
1120	0	0
1121	0	0
1122	0	0
1123	0	0
1124	0	1
1125	0	0
1126	0	0
1127	0	0
1128	0	0
1129	0	1
1130	1	1
1131	0	0
1132	0	0
1133	0	1
1134	0	0
1135	1	1
1136	0	0
1137	1	1
1138	0	1
1139	0	0
1140	1	1
1141	1	0
1142	1	1
1143	0	0
1144	0	0
1145	0	1
1146	0	0
1147	0	0
1148	1	1
1149	0	0
1150	1	1
1151	1	1
1152	0	0
1153	0	0
1154	1	1
1155	1	0
1156	0	0
1157	0	0
1158	0	1
1159	0	0
1160	0	0
1161	0	0
1162	1	1
1163	0	0
1164	0	0
1165	0	0
1166	0	0
1167	1	0
1168	0	0
1169	1	1
1170	0	0
1171	0	0
1172	0	0
1173	1	1
1174	0	1
1175	0	0
1176	0	0
1177	1	1
1178	0	0
1179	0	0
1180	1	0
1181	0	0
1182	0	0
1183	1	1
1184	0	0
1185	0	0
1186	1	1
1187	0	0
1188	1	1
1189	0	0
1190	1	1
1191	0	0
1192	1	1
1193	0	0
1194	0	0
1195	0	0
1196	0	0
1197	1	1
1198	0	1
1199	0	0
1200	0	0
1201	0	0
1202	0	0
1203	0	0
1204	0	0
1205	0	0
1206	1	0
1207	0	1
1208	0	0
1209	1	0
1210	0	0
1211	0	1
1212	1	1
1213	0	0
1214	1	1
1215	1	1
1216	0	0
1217	0	0
1218	0	0
1219	0	0
1220	0	0
1221	1	0
1222	0	0
1223	0	0
1224	1	1
1225	0	0
1226	0	1
1227	0	0
1228	0	0
1229	1	1
1230	0	0
1231	1	0
1232	0	0
1233	1	1
1234	0	0
1235	0	0
1236	1	1
1237	1	0
1238	0	0
1239	0	1
1240	1	1
1241	0	0
1242	0	0
1243	1	1
1244	1	1
1245	0	1
1246	0	0
1247	0	0
1248	0	0
1249	0	1
1250	0	0
1251	0	0
1252	0	0
1253	0	0
1254	1	0
1255	0	0
1256	1	0
1257	1	0
1258	0	0
1259	1	0
1260	0	0
1261	1	0
1262	0	0
1263	0	0
1264	0	0
1265	0	0
1266	0	1
1267	0	0
1268	0	0
1269	1	1
1270	0	1
1271	0	0
1272	1	1
1273	1	1
1274	0	0
1275	0	0
1276	0	0
1277	1	1
1278	0	0
1279	0	0
1280	1	1
1281	0	0
1282	1	1
1283	0	0
1284	1	1
1285	0	0
1286	0	0
1287	0	0
1288	0	0
1289	0	0
1290	0	0
1291	0	0
1292	1	1
1293	0	0
1294	1	1
1295	0	0
1296	0	0
1297	0	0
1298	0	0
1299	0	0
1300	1	1
1301	0	0
1302	0	0
1303	0	0
1304	1	1
1305	0	0
1306	0	0
1307	0	0
1308	0	0
1309	0	0
1310	0	0
1311	1	1
1312	0	0
1313	1	1
1314	0	0
1315	0	0
1316	0	1
1317	1	1
1318	0	0
1319	0	0
1320	0	0
1321	0	0
1322	0	0
1323	0	0
1324	0	0
1325	0	0
1326	0	0
1327	0	0
1328	0	0
1329	0	0
1330	0	0
1331	0	0
1332	0	0
1333	0	0
1334	0	0
1335	0	0
1336	0	0
1337	0	1
1338	0	0
1339	0	0
1340	0	1
1341	0	1
1342	0	0
1343	0	1
1344	0	0
1345	0	0
1346	0	0
1347	0	0
1348	0	0
1349	0	0
1350	0	0
1351	0	0
1352	0	1
1353	0	0
1354	0	0
1355	0	0
1356	0	0
1357	1	1
1358	0	0
1359	0	0
1360	0	0
1361	0	0
1362	0	0
1363	0	0
1364	0	0
1365	1	1
1366	0	0
1367	0	0
1368	1	1
1369	0	0
1370	0	1
1371	0	0
1372	1	1
1373	0	1
1374	1	0
1375	1	1
1376	0	0
1377	0	0
1378	1	1
1379	1	1
1380	1	1
1381	1	1
1382	0	0
1383	0	0
1384	0	0
1385	0	1
1386	0	0
1387	0	0
1388	0	0
1389	0	0
1390	0	0
1391	0	1
1392	0	0
1393	0	0
1394	1	1
1395	0	0
1396	0	0
1397	0	0
1398	1	1
1399	1	1
1400	0	0
1401	0	0
1402	0	0
1403	0	0
1404	0	1
1405	0	0
1406	0	0
1407	1	1
1408	1	0
1409	0	0
1410	0	0
1411	0	0
1412	1	1
1413	0	0
1414	0	0
1415	0	0
1416	0	0
1417	1	0
1418	1	1
1419	0	0
1420	1	1
1421	0	0
1422	0	0
1423	0	0
1424	0	1
1425	0	0
1426	1	1
1427	0	0
1428	0	0
1429	0	0
1430	0	0
1431	0	0
1432	0	0
1433	0	1
1434	0	0
1435	0	0
1436	0	0
1437	0	0
1438	0	0
1439	1	1
1440	0	0
1441	0	0
1442	0	0
1443	0	0
1444	0	0
1445	0	0
1446	0	0
1447	0	0
1448	0	0
1449	0	1
1450	1	0
1451	0	0
1452	0	0
1453	0	0
1454	0	0
1455	0	0
1456	0	1
1457	0	0
1458	1	1
1459	0	0
1460	0	0
1461	0	0
1462	0	1
1463	0	0
1464	0	0
1465	0	0
1466	0	1
1467	0	0
1468	0	0
1469	0	0
1470	0	0
1471	0	0
1472	0	0
1473	1	1
1474	1	1
1475	0	0
1476	0	0
1477	1	1
1478	0	0
1479	0	1
1480	0	0
1481	0	0
1482	0	0
1483	0	0
1484	0	1
1485	0	0
1486	1	1
1487	0	0
1488	1	1
1489	0	0
1490	1	0
1491	0	1
1492	1	1
1493	0	0
1494	0	0
1495	0	0
1496	0	0
1497	0	0
1498	0	0
1499	0	0
1500	0	1
1501	0	0
1502	0	1
1503	0	0
1504	0	0
1505	1	1
1506	0	0
1507	0	0
1508	0	0
1509	0	0
1510	0	0
1511	1	1
1512	1	1
1513	0	0
1514	0	0
1515	0	1
1516	0	0
1517	1	1
1518	0	0
1519	0	0
1520	1	0
1521	0	0
1522	0	0
1523	0	0
1524	0	0
1525	0	0
1526	1	1
1527	0	1
1528	0	0
1529	0	0
1530	0	0
1531	0	0
1532	1	1
1533	0	0
1534	0	0
1535	1	1
1536	0	0
1537	0	0
1538	0	0
1539	0	1
1540	0	0
1541	0	0
1542	0	1
1543	0	1
1544	1	1
1545	0	1
1546	0	0
1547	0	0
1548	1	1
1549	0	0
1550	0	0
1551	1	1
1552	0	0
1553	1	1
1554	0	0
1555	0	0
1556	1	1
1557	0	0
1558	0	0
1559	0	0
1560	0	0
1561	0	0
1562	0	0
1563	1	1
1564	0	1
1565	0	0
1566	0	1
1567	1	1
1568	1	1
1569	0	0
1570	1	1
1571	0	0
1572	0	1
1573	0	0
1574	0	0
1575	0	0
1576	0	1
1577	0	0
1578	0	0
1579	0	0
1580	0	0
1581	0	0
1582	0	0
1583	1	1
1584	0	0
1585	0	0
1586	1	1
1587	0	0
1588	1	1
1589	1	1
1590	0	0
1591	0	0
1592	0	0
1593	0	0
1594	0	0
1595	0	0
1596	0	0
1597	1	1
1598	0	0
1599	0	0
1600	0	0
1601	1	1
1602	1	1
1603	0	0
1604	1	1
1605	0	0
1606	1	1
1607	1	1
1608	0	1
1609	0	0
1610	0	0
1611	1	1
1612	0	0
1613	1	0
1614	0	0
1615	0	0
1616	0	0
1617	0	0
1618	0	0
1619	0	0
1620	0	0
1621	0	0
1622	0	0
1623	1	1
1624	0	1
1625	0	0
1626	0	0
1627	0	0
1628	1	1
1629	1	1
1630	0	0
1631	0	0
1632	0	0
1633	0	0
1634	0	0
1635	0	0
1636	0	0
1637	0	0
1638	0	0
1639	0	0
1640	0	1
1641	0	0
1642	0	0
1643	0	0
1644	0	0
1645	0	0
1646	0	0
1647	0	0
1648	0	0
1649	0	0
1650	0	0
1651	0	0
1652	0	0
1653	0	0
1654	0	0
1655	0	0
1656	0	0
1657	0	0
1658	0	0
1659	1	0
1660	1	1
1661	0	0
1662	0	1
1663	0	0
1664	0	0
1665	1	1
1666	0	0
1667	0	0
1668	1	1
1669	0	0
1670	0	0
1671	1	0
1672	0	0
1673	0	0
1674	0	0
1675	0	0
1676	0	0
1677	0	0
1678	0	0
1679	0	0
1680	0	0
1681	0	0
1682	1	1
1683	1	1
1684	1	1
1685	0	0
1686	0	0
1687	0	0
1688	0	0
1689	0	0
1690	0	0
1691	1	0
1692	1	1
1693	1	1
1694	1	0
1695	1	0
1696	0	1
1697	0	0
1698	0	0
1699	1	1
1700	1	1
1701	0	0
1702	0	0
1703	0	0
1704	0	0
1705	1	0
1706	1	1
1707	0	0
1708	0	1
1709	0	1
1710	0	1
1711	1	0
1712	0	1
1713	1	0
1714	0	1
1715	0	0
1716	0	1
1717	0	1
1718	0	0
1719	0	0
1720	1	0
1721	0	0
1722	1	0
1723	0	0
1724	0	0
1725	0	0
1726	0	0
1727	0	0
1728	0	0
1729	0	0
1730	0	0
1731	0	0
1732	1	1
1733	0	0
1734	0	0
1735	1	1
1736	0	0
1737	0	0
1738	0	0
1739	0	0
1740	1	0
1741	1	0
1742	0	1
1743	0	0
1744	0	0
1745	0	1
1746	0	0
1747	1	1
1748	0	0
1749	0	0
1750	0	0
1751	0	0
1752	1	1
1753	1	1
1754	1	0
1755	1	1
1756	1	1
1757	1	1
1758	1	0
1759	0	0
1760	0	0
1761	1	0
1762	0	0
1763	0	1
1764	0	0
1765	0	0
1766	1	0
1767	0	0
1768	1	0
1769	0	0
1770	1	0
1771	0	0
1772	0	0
1773	1	0
1774	0	0
1775	0	1
1776	0	0
1777	0	0
1778	0	0
1779	0	0
1780	0	0
1781	0	1
1782	0	0
1783	0	0
1784	0	0
1785	1	0
1786	0	0
1787	0	0
1788	0	0
1789	1	1
1790	1	0
1791	0	0
1792	0	0
1793	0	0
1794	1	0
1795	0	0
1796	1	1
1797	0	1
1798	0	0
1799	0	1
1800	0	0
1801	0	0
1802	1	1
1803	0	0
1804	0	0
1805	0	0
1806	0	1
1807	0	0
1808	0	0
1809	0	0
1810	0	0
1811	1	1
1812	0	0
1813	1	1
1814	0	0
1815	0	0
1816	1	0
1817	1	1
1818	0	0
1819	0	0
1820	0	0
1821	0	0
1822	0	0
1823	1	1
1824	0	0
1825	0	1
1826	0	0
1827	1	0
1828	0	0
1829	1	0
1830	0	0
1831	0	0
1832	0	0
1833	0	0
1834	0	0
1835	0	1
1836	0	0
1837	0	0
1838	0	0
1839	0	1
1840	0	0
1841	0	0
1842	0	0
1843	1	1
1844	0	0
1845	0	0
1846	0	0
1847	1	1
1848	0	0
1849	0	0
1850	1	1
1851	0	1
1852	0	0
1853	0	0
1854	0	0
1855	1	1
1856	0	0
1857	0	0
1858	0	0
1859	0	0
1860	0	0
1861	1	1
1862	0	0
1863	0	0
1864	0	0
1865	1	0
1866	1	1
1867	1	0
1868	0	0
1869	0	0
1870	0	0
1871	0	0
1872	0	0
1873	0	0
1874	0	0
1875	1	1
1876	0	0
1877	0	1
1878	0	0
1879	0	0
1880	0	0
1881	0	0
1882	0	0
1883	0	0
1884	0	1
1885	0	0
1886	1	1
1887	0	1
1888	1	0
1889	0	0
1890	0	0
1891	0	0
1892	0	0
1893	0	0
1894	1	0
1895	0	0
1896	0	0
1897	0	0
1898	0	0
1899	0	0
1900	0	0
1901	0	0
1902	0	0
1903	0	0
1904	0	0
1905	1	1
1906	0	1
1907	0	0
1908	0	0
1909	0	0
1910	0	0
1911	0	0
1912	0	0
1913	0	0
1914	0	0
1915	0	0
1916	0	1
1917	0	0
1918	0	0
1919	0	0
1920	0	0
1921	1	1
1922	0	0
1923	0	0
1924	0	0
1925	1	0
1926	0	0
1927	0	0
1928	0	0
1929	0	0
1930	0	1
1931	0	0
1932	1	1
1933	0	0
1934	0	0
1935	1	1
1936	0	0
1937	0	0
1938	0	0
1939	1	1
1940	0	0
1941	0	0
1942	0	0
1943	1	1
1944	1	0
1945	1	1
1946	0	0
1947	1	0
1948	0	0
1949	1	1
1950	0	0
1951	0	0
1952	0	0
1953	1	1
1954	0	0
1955	0	0
1956	0	0
1957	1	1
1958	0	0
1959	0	0
1960	0	0
1961	0	0
1962	0	0
1963	1	0
1964	0	0
1965	0	0
1966	1	1
1967	1	0
1968	0	0
1969	0	0
1970	1	1
1971	0	0
1972	0	0
1973	1	1
1974	1	1
1975	0	0
1976	1	0
1977	1	0
1978	0	0
1979	0	0
1980	0	0
1981	0	0
1982	0	1
1983	1	1
1984	0	0
1985	1	1
1986	1	0
1987	0	0
1988	0	0
1989	0	1
1990	0	0
1991	0	0
1992	0	0
1993	0	0
1994	0	0
1995	0	0
1996	1	1
1997	0	0
1998	0	0
1999	0	1
2000	0	0
2001	0	0
2002	0	0
2003	0	0
2004	0	0
2005	1	0
2006	0	0
2007	0	0
2008	0	0
2009	0	0
2010	0	0
2011	0	0
2012	0	1
2013	0	0
2014	0	0
2015	1	1
2016	1	0
2017	1	1
2018	0	1
2019	0	0
2020	0	0
2021	1	1
2022	0	0
2023	0	0
2024	0	0
2025	0	0
2026	0	0
2027	0	0
2028	0	0
2029	0	0
2030	1	1
2031	0	1
2032	0	1
2033	1	1
2034	0	0
2035	0	0
2036	0	0
2037	0	0
2038	0	0
2039	0	0
2040	0	0
2041	1	0
2042	0	0
2043	0	0
2044	0	0
2045	0	0
2046	1	1
2047	1	0
2048	0	0
2049	0	0
2050	0	0
2051	0	0
2052	0	1
2053	0	0
2054	0	0
2055	0	0
2056	0	0
2057	0	0
2058	0	0
2059	0	0
2060	1	0
2061	1	0
2062	0	0
2063	1	1
2064	1	0
2065	0	0
2066	1	0
2067	0	1
2068	0	0
2069	1	1
2070	0	0
2071	1	1
2072	0	0
2073	0	0
2074	1	0
2075	0	0
2076	0	0
2077	0	0
2078	0	0
2079	0	1
2080	1	0
2081	1	0
2082	0	0
2083	0	0
2084	0	1
2085	0	0
2086	0	0
2087	1	1
2088	1	0
2089	0	0
2090	0	0
2091	0	0
2092	0	0
2093	0	0
2094	0	0
2095	0	1
2096	0	0
2097	0	0
2098	0	0
2099	0	0
2100	1	1
2101	1	1
2102	0	0
2103	1	1
2104	1	1
2105	0	0
2106	0	0
2107	0	1
2108	1	1
2109	1	1
2110	0	0
2111	0	0
2112	1	1
2113	0	0
2114	1	1
2115	1	1
2116	0	0
2117	0	0
2118	0	0
2119	0	0
2120	0	0
2121	0	0
2122	0	0
2123	0	0
2124	0	0
2125	0	0
2126	0	0
2127	0	0
2128	0	0
2129	0	0
2130	0	0
2131	0	0
2132	0	0
2133	1	0
2134	0	0
2135	0	0
2136	1	0
2137	0	0
2138	0	0
2139	0	0
2140	0	0
2141	0	0
2142	1	1
2143	0	0
2144	0	0
2145	0	0
2146	1	1
2147	1	1
2148	1	1
2149	1	1
2150	1	0
2151	0	0
2152	0	0
2153	1	1
2154	0	0
2155	1	1
2156	0	0
2157	0	0
2158	0	0
2159	1	1
2160	0	0
2161	0	0
2162	0	1
2163	0	0
2164	0	1
2165	1	1
2166	0	1
2167	0	0
2168	1	1
2169	0	1
2170	0	0
2171	0	0
2172	0	0
2173	1	1
2174	1	1
2175	0	1
2176	1	1
2177	0	0
2178	0	0
2179	0	1
2180	0	0
2181	0	1
2182	0	0
2183	0	0
2184	1	1
2185	0	0
2186	0	1
2187	1	1
2188	0	0
2189	1	1
2190	0	0
2191	1	0
2192	0	0
2193	0	0
2194	1	1
2195	0	1
2196	1	1
2197	0	0
2198	0	0
2199	1	0
2200	0	1
2201	0	0
2202	0	0
2203	0	0
2204	0	0
2205	1	1
2206	1	1
2207	0	0
2208	0	0
2209	0	0
2210	1	1
2211	0	0
2212	0	0
2213	1	1
2214	1	0
2215	0	0
2216	0	0
2217	1	1
2218	1	1
2219	0	0
2220	0	0
2221	0	0
2222	1	1
2223	0	1
2224	1	1
2225	0	0
2226	0	0
2227	1	1
2228	1	1
2229	0	0
2230	0	0
2231	0	0
2232	0	0
2233	0	0
2234	0	0
2235	1	1
2236	0	0
2237	0	0
2238	0	0
2239	0	1
2240	0	0
2241	0	0
2242	0	0
2243	1	1
2244	0	0
2245	1	0
2246	0	0
2247	0	0
2248	0	0
2249	0	0
2250	1	1
2251	0	0
2252	0	0
2253	0	1
2254	0	1
2255	0	0
2256	1	0
2257	0	0
2258	0	0
2259	0	0
2260	0	0
2261	0	0
2262	0	0
2263	0	0
2264	0	0
2265	0	0
2266	0	0
2267	0	0
2268	1	1
2269	0	0
2270	0	0
2271	1	0
2272	0	0
2273	0	0
2274	1	1
2275	0	1
2276	0	0
2277	0	0
2278	0	0
2279	0	1
2280	1	1
2281	0	0
2282	0	0
2283	1	1
2284	1	1
2285	0	0
2286	1	0
2287	0	0
2288	0	0
2289	0	0
2290	1	1
2291	0	0
2292	1	0
2293	1	1
2294	1	0
2295	0	0
2296	1	1
2297	1	0
2298	0	0
2299	0	0
2300	1	1
2301	1	1
2302	0	1
2303	0	0
2304	1	0
2305	0	0
2306	0	0
2307	0	0
2308	0	1
2309	1	1
2310	0	0
2311	0	0
2312	0	0
2313	1	1
2314	0	0
2315	0	0
2316	1	0
2317	0	0
2318	1	1
2319	0	0
2320	0	0
2321	0	0
2322	0	0
2323	0	0
2324	1	1
2325	0	1
2326	0	1
2327	0	0
2328	0	0
2329	1	1
2330	0	0
2331	0	0
2332	0	1
2333	0	0
2334	0	0
2335	0	0
2336	1	1
2337	0	0
2338	0	0
2339	1	1
2340	1	1
2341	0	0
2342	0	0
2343	0	0
2344	0	0
2345	0	0
2346	0	0
2347	0	0
2348	0	0
2349	1	1
2350	0	1
2351	0	0
2352	0	0
2353	0	0
2354	0	0
2355	0	0
2356	0	0
2357	1	1
2358	0	0
2359	0	0
2360	0	0
2361	0	0
2362	0	1
2363	0	0
2364	0	0
2365	1	1
2366	0	0
2367	0	1
2368	1	1
2369	0	0
2370	0	0
2371	1	1
2372	0	0
2373	0	0
2374	1	1
2375	0	0
2376	0	0
2377	0	0
2378	0	0
2379	0	0
2380	1	1
2381	0	0
2382	1	1
2383	0	0
2384	1	1
2385	1	1
2386	0	0
2387	0	0
2388	0	0
2389	0	0
2390	1	1
2391	0	0
2392	0	0
2393	0	0
2394	0	0
2395	0	1
2396	0	0
2397	0	0
2398	1	0
2399	1	1
2400	0	0
2401	0	0
2402	0	0
2403	0	0
2404	1	1
2405	0	1
2406	0	0
2407	0	1
2408	0	0
2409	1	0
2410	0	1
2411	0	0
2412	0	0
2413	0	0
2414	1	1
2415	0	0
2416	1	0
2417	0	0
2418	0	0
2419	0	0
2420	1	0
2421	0	0
2422	0	0
2423	1	0
2424	0	0
2425	1	1
2426	1	0
2427	0	0
2428	1	0
2429	1	1
2430	0	0
2431	0	0
2432	1	0
2433	1	1
2434	0	0
2435	0	1
2436	0	0
2437	0	0
2438	0	0
2439	1	1
2440	0	0
2441	0	0
2442	0	0
2443	0	0
2444	0	0
2445	0	0
2446	0	0
2447	0	0
2448	0	0
2449	0	0
2450	0	0
2451	0	0
2452	0	0
2453	0	0
2454	0	0
2455	0	0
2456	0	0
2457	0	0
2458	1	1
2459	0	0
2460	1	1
2461	1	1
2462	0	1
2463	0	1
2464	0	0
2465	1	1
2466	0	0
2467	1	0
2468	0	0
2469	0	0
2470	0	0
2471	0	1
2472	0	1
2473	0	0
2474	0	0
2475	1	1
2476	0	0
2477	0	0
2478	0	0
2479	1	1
2480	0	0
2481	0	0
2482	1	1
2483	0	0
2484	0	0
2485	0	0
2486	0	0
2487	0	0
2488	1	1
2489	0	0
2490	0	0
2491	1	0
2492	1	0
2493	0	0
2494	1	1
2495	0	0
2496	1	1
2497	0	0
2498	0	1
2499	0	0
2500	0	0
2501	1	1
2502	1	1
2503	0	0
2504	0	0
2505	0	0
2506	0	0
2507	0	0
2508	0	0
2509	0	0
2510	0	0
2511	0	0
2512	0	0
2513	0	0
2514	0	0
2515	0	0
2516	0	0
2517	1	1
2518	0	0
2519	0	0
2520	0	0
2521	1	0
2522	0	0
2523	0	0
2524	1	1
2525	0	0
2526	0	0
2527	0	0
2528	0	0
2529	0	0
2530	0	0
2531	0	0
2532	0	0
2533	0	1
2534	0	0
2535	0	0
2536	0	0
2537	0	0
2538	0	0
2539	0	0
2540	1	0
2541	0	0
2542	0	0
2543	0	0
2544	0	0
2545	0	0
2546	0	0
2547	0	0
2548	1	1
2549	0	1
2550	0	0
2551	1	1
2552	0	0
2553	0	0
2554	1	1
2555	1	0
2556	1	1
2557	0	0
2558	1	1
2559	0	0
2560	1	1
2561	0	0
2562	0	0
2563	0	0
2564	0	1
2565	0	0
2566	0	0
2567	0	0
2568	1	1
2569	0	0
2570	0	1
2571	0	0
2572	0	0
2573	0	0
2574	0	0
2575	0	0
2576	0	0
2577	1	1
2578	0	0
2579	0	0
2580	0	0
2581	0	0
2582	0	0
2583	0	0
2584	0	0
2585	0	0
2586	0	0
2587	0	0
2588	0	0
2589	1	0
2590	1	1
2591	0	0
2592	0	0
2593	1	1
2594	0	0
2595	1	0
2596	1	1
2597	0	0
2598	0	0
2599	0	0
2600	1	1
2601	0	0
2602	1	0
2603	1	0
2604	0	1
2605	0	1
2606	0	0
2607	0	0
2608	0	0
2609	0	0
2610	1	0
2611	0	0
2612	1	0
2613	0	0
2614	0	0
2615	0	0
2616	0	0
2617	0	0
2618	1	1
2619	0	0
2620	0	0
2621	0	0
2622	0	0
2623	0	0
2624	0	0
2625	1	1
2626	1	0
2627	1	1
2628	0	0
2629	1	0
2630	0	0
2631	0	0
2632	0	0
2633	0	0
2634	1	1
2635	0	0
2636	0	0
2637	0	0
2638	1	1
2639	0	0
2640	0	0
2641	0	0
2642	1	1
2643	0	0
2644	0	0
2645	1	1
2646	1	0
2647	1	0
2648	1	1
2649	0	0
2650	0	0
2651	0	0
2652	0	0
2653	1	1
2654	0	0
2655	0	0
2656	0	0
2657	1	0
2658	1	0
2659	0	0
2660	0	0
2661	0	0
2662	1	1
2663	0	0
2664	0	0
2665	0	0
2666	0	0
2667	0	0
2668	1	1
2669	0	1
2670	0	0
2671	0	0
2672	0	0
2673	0	0
2674	0	0
2675	1	1
2676	0	0
2677	0	0
2678	0	1
2679	0	0
2680	0	0
2681	0	0
2682	0	0
2683	0	0
2684	0	0
2685	0	0
2686	0	0
2687	0	0
2688	0	0
2689	0	1
2690	0	0
2691	0	0
2692	1	1
2693	0	1
2694	0	0
2695	0	0
2696	1	1
2697	0	0
2698	0	0
2699	1	1
2700	0	0
2701	1	0
2702	0	0
2703	0	0
2704	0	1
2705	0	0
2706	1	1
2707	0	0
2708	0	0
2709	0	0
2710	0	1
2711	0	0
2712	0	0
2713	0	0
2714	0	0
2715	0	0
2716	0	0
2717	0	0
2718	0	1
2719	0	1
2720	0	0
2721	0	0
2722	0	0
2723	0	0
2724	1	1
2725	0	0
2726	1	1
2727	0	0
2728	0	0
2729	0	0
2730	0	0
2731	1	1
2732	0	0
2733	0	1
2734	0	0
2735	0	0
2736	0	0
2737	1	1
2738	0	0
2739	0	0
2740	0	0
2741	0	0
2742	0	0
2743	0	0
2744	1	1
2745	0	0
2746	0	0
2747	1	1
2748	0	0
2749	1	1
2750	0	0
2751	0	0
2752	1	0
2753	1	1
2754	1	0
2755	0	0
2756	0	0
2757	0	0
2758	0	0
2759	0	0
2760	0	0
2761	0	0
2762	1	1
2763	0	0
2764	1	0
2765	1	1
2766	1	1
2767	1	0
2768	1	1
2769	1	1
2770	1	0
2771	0	0
2772	0	1
2773	0	0
2774	0	0
2775	0	1
2776	0	1
2777	0	0
2778	0	0
2779	0	1
2780	0	0
2781	0	0
2782	0	0
2783	0	0
2784	1	1
2785	0	0
2786	0	0
2787	1	1
2788	0	0
2789	0	0
2790	0	0
2791	0	0
2792	0	0
2793	0	0
2794	0	0
2795	0	1
2796	1	0
2797	1	1
2798	1	1
2799	0	0
2800	0	0
2801	0	0
2802	0	0
2803	0	0
2804	1	1
2805	0	0
2806	0	0
2807	0	0
2808	0	1
2809	1	1
2810	0	0
2811	0	0
2812	0	0
2813	1	1
2814	1	1
2815	0	0
2816	0	0
2817	0	1
2818	1	1
2819	0	0
2820	1	1
2821	0	0
2822	0	0
2823	1	1
2824	0	0
2825	0	0
2826	0	0
2827	0	0
2828	1	1
2829	0	0
2830	0	1
2831	1	1
2832	0	0
2833	0	0
2834	1	1
2835	0	0
2836	0	0
2837	0	0
2838	0	0
2839	0	0
2840	1	1
2841	0	0
2842	0	0
2843	0	0
2844	1	0
2845	0	1
2846	0	0
2847	0	0
2848	1	0
2849	0	0
2850	1	1
2851	0	0
2852	1	1
2853	0	0
2854	1	1
2855	1	0
2856	1	1
2857	1	1
2858	0	0
2859	0	0
2860	1	0
2861	0	0
2862	1	1
2863	0	0
2864	0	0
2865	0	0
2866	0	0
2867	0	0
2868	0	0
2869	0	0
2870	1	1
2871	0	1
2872	0	0
2873	0	0
2874	1	1
2875	0	0
2876	0	0
2877	1	1
2878	0	0
2879	0	0
2880	0	0
2881	0	0
2882	0	0
2883	0	0
2884	0	0
2885	0	0
2886	0	0
2887	1	1
2888	0	1
2889	0	0
2890	1	0
2891	0	0
2892	0	0
2893	1	0
2894	0	0
2895	0	0
2896	0	0
2897	0	0
2898	0	0
2899	1	1
2900	0	0
2901	0	0
2902	0	0
2903	1	0
2904	0	0
2905	1	0
2906	0	0
2907	0	0
2908	0	0
2909	0	0
2910	0	0
2911	0	0
2912	0	0
2913	0	0
2914	1	1
2915	0	0
2916	0	0
2917	0	1
2918	1	1
2919	0	0
2920	0	0
2921	0	0
2922	0	0
2923	0	0
2924	0	0
2925	1	1
2926	1	0
2927	0	1
2928	0	0
2929	0	1
2930	0	0
2931	0	0
2932	1	0
2933	0	0
2934	0	0
2935	0	0
2936	0	0
2937	0	1
2938	0	0
2939	0	0
2940	0	0
2941	1	1
2942	0	0
2943	0	0
2944	1	1
2945	1	1
2946	1	1
2947	0	1
2948	0	0
2949	0	1
2950	0	0
2951	0	0
2952	0	0
2953	0	0
2954	0	0
2955	1	1
2956	0	0
2957	1	1
2958	0	0
2959	0	0
2960	0	0
2961	1	1
2962	0	0
2963	1	1
2964	0	0
2965	0	0
2966	1	1
2967	0	0
2968	0	1
2969	0	0
2970	0	0
2971	0	0
2972	0	0
2973	1	0
2974	0	0
2975	1	1
2976	0	0
2977	1	0
2978	0	0
2979	0	0
2980	0	0
2981	0	0
2982	0	0
2983	0	0
2984	1	0
2985	0	0
2986	0	0
2987	0	0
2988	0	0
2989	0	0
2990	0	0
2991	0	0
2992	0	0
2993	0	0
2994	0	0
2995	1	1
2996	0	0
2997	0	0
2998	0	0
2999	0	0
3000	0	0
3001	0	0
3002	1	1
3003	1	1
3004	0	0
3005	0	1
3006	1	1
3007	1	1
3008	0	0
3009	0	0
3010	0	0
3011	0	0
3012	0	0
3013	1	1
3014	1	0
3015	0	0
3016	0	0
3017	0	0
3018	0	0
3019	0	0
3020	1	1
3021	1	1
3022	1	1
3023	0	0
3024	0	0
3025	1	0
3026	0	0
3027	1	1
3028	1	1
3029	0	0
3030	0	0
3031	1	1
3032	0	1
3033	0	0
3034	0	0
3035	0	0
3036	0	0
3037	1	1
3038	0	0
3039	0	0
3040	0	0
3041	0	0
3042	0	0
3043	0	1
3044	0	0
3045	0	0
3046	0	0
3047	0	0
3048	0	0
3049	0	0
3050	0	0
3051	1	1
3052	1	0
3053	0	0
3054	0	0
3055	0	0
3056	0	1
3057	0	0
3058	0	0
3059	1	1
3060	1	1
3061	1	0
3062	0	0
3063	1	1
3064	0	0
3065	0	0
3066	1	0
3067	0	0
3068	0	0
3069	1	0
3070	0	0
3071	1	1
3072	0	0
3073	1	1
3074	1	1
3075	1	1
3076	1	1
3077	0	0
3078	1	1
3079	0	0
3080	0	0
3081	0	0
3082	0	0
3083	0	0
3084	0	1
3085	0	0
3086	0	0
3087	0	0
3088	1	1
3089	0	0
3090	1	1
3091	0	0
3092	0	0
3093	0	0
3094	0	0
3095	1	1
3096	0	0
3097	0	0
3098	0	1
3099	0	0
3100	1	1
3101	0	0
3102	0	0
3103	0	0
3104	1	0
3105	0	0
3106	1	1
3107	0	0
3108	0	0
3109	0	0
3110	0	1
3111	0	0
3112	1	1
3113	0	1
3114	0	0
3115	1	1
3116	0	0
3117	0	0
3118	1	1
3119	0	0
3120	1	0
3121	1	0
3122	0	0
3123	0	0
3124	0	0
3125	0	1
3126	0	0
3127	0	0
3128	0	1
3129	0	0
3130	1	0
3131	0	0
3132	0	0
3133	0	0
3134	0	0
3135	0	0
3136	1	1
3137	0	0
3138	0	0
3139	0	0
3140	0	0
3141	1	0
3142	0	0
3143	1	1
3144	0	0
3145	0	0
3146	0	0
3147	0	0
3148	1	1
3149	0	0
3150	0	0
3151	1	0
3152	1	1
3153	0	0
3154	1	0
3155	1	0
3156	0	0
3157	1	1
3158	1	1
3159	0	0
3160	0	0
3161	0	0
3162	0	0
3163	0	0
3164	0	0
3165	0	0
3166	0	0
3167	0	0
3168	0	0
3169	0	0
3170	1	1
3171	1	0
3172	0	0
3173	0	1
3174	0	0
3175	0	0
3176	0	0
3177	1	1
3178	1	1
3179	1	1
3180	0	1
3181	0	0
3182	0	0
3183	0	0
3184	0	0
3185	0	0
3186	1	0
3187	0	0
3188	0	0
3189	0	0
3190	1	0
3191	0	0
3192	1	1
3193	1	1
3194	0	0
3195	0	0
3196	1	1
3197	0	0
3198	1	1
3199	0	1
3200	0	0
3201	0	0
3202	0	0
3203	1	1
3204	0	0
3205	1	1
3206	0	0
3207	0	0
3208	1	1
3209	0	0
3210	0	0
3211	0	0
3212	0	1
3213	0	0
3214	0	1
3215	0	0
3216	1	1
3217	0	0
3218	0	0
3219	0	0
3220	0	0
3221	0	0
3222	1	1
3223	0	0
3224	0	0
3225	0	0
3226	0	0
3227	0	0
3228	0	1
3229	1	1
3230	0	1
3231	0	0
3232	0	1
3233	0	0
3234	0	0
3235	0	0
3236	1	1
3237	0	0
3238	0	0
3239	0	0
3240	0	0
3241	0	0
3242	1	1
3243	0	0
3244	1	0
3245	0	1
3246	0	0
3247	0	0
3248	0	0
3249	0	0
3250	0	0
3251	1	1
3252	0	0
3253	0	0
3254	0	0
3255	1	1
3256	0	0
3257	0	0
3258	1	1
3259	0	1
3260	0	0
3261	0	0
3262	0	1
3263	1	1
3264	1	1
3265	0	0
3266	1	1
3267	0	0
3268	1	0
3269	0	1
3270	1	1
3271	1	1
3272	0	0
3273	0	0
3274	0	0
3275	0	0
3276	0	0
3277	0	1
3278	1	1
3279	0	0
3280	0	0
3281	1	0
3282	1	1
3283	0	0
3284	0	0
3285	1	0
3286	0	0
3287	0	0
3288	0	0
3289	1	0
3290	0	0
3291	1	1
3292	0	0
3293	1	1
3294	0	0
3295	0	0
3296	0	0
3297	0	0
3298	0	0
3299	0	0
3300	0	0
3301	1	1
3302	0	0
3303	0	0
3304	1	1
3305	0	0
3306	0	0
3307	0	0
3308	0	0
3309	0	0
3310	0	0
3311	1	0
3312	0	0
3313	0	0
3314	1	1
3315	0	0
3316	0	0
3317	0	0
3318	0	0
3319	0	1
3320	0	1
3321	0	0
3322	0	0
3323	0	0
3324	0	0
3325	0	0
3326	0	0
3327	0	0
3328	1	1
3329	0	0
3330	0	0
3331	0	0
3332	0	0
3333	0	1
3334	0	0
3335	0	0
3336	0	0
3337	0	0
3338	0	0
3339	0	0
3340	0	0
3341	0	0
3342	0	0
3343	0	0
3344	0	0
3345	0	0
3346	1	0
3347	1	0
3348	1	0
3349	1	1
3350	0	0
3351	0	0
3352	1	0
3353	0	0
3354	0	1
3355	0	0
3356	0	0
3357	0	0
3358	1	1
3359	0	0
3360	0	0
3361	0	1
3362	0	0
3363	0	0
3364	1	1
3365	0	0
3366	0	0
3367	1	1
3368	0	0
3369	0	0
3370	0	0
3371	0	0
3372	0	0
3373	0	0
3374	0	0
3375	0	0
3376	0	0
3377	0	0
3378	0	0
3379	0	0
3380	0	0
3381	0	0
3382	0	0
3383	0	0
3384	0	0
3385	1	0
3386	1	1
3387	0	0
3388	1	1
3389	1	1
3390	0	0
3391	0	0
3392	0	0
3393	1	0
3394	0	0
3395	0	0
3396	0	0
3397	1	1
3398	0	0
3399	0	0
3400	0	1
3401	0	0
3402	0	0
3403	0	0
3404	0	0
3405	0	0
3406	0	0
3407	1	1
3408	1	1
3409	0	0
3410	0	1
3411	0	0
3412	0	0
3413	0	0
3414	1	1
3415	0	0
3416	0	1
3417	0	0
3418	0	0
3419	0	0
3420	0	0
3421	0	0
3422	0	0
3423	1	1
3424	1	1
3425	1	0
3426	0	0
3427	0	1
3428	0	0
3429	0	0
3430	0	0
3431	0	0
3432	0	0
3433	0	1
3434	0	0
3435	0	0
3436	0	0
3437	0	0
3438	0	0
3439	1	0
3440	0	0
3441	0	0
3442	0	0
3443	0	0
3444	0	0
3445	0	1
3446	0	0
3447	0	0
3448	0	0
3449	0	0
3450	1	1
3451	0	0
3452	0	0
3453	0	0
3454	0	0
3455	1	1
3456	0	0
3457	0	0
3458	0	0
3459	1	1
3460	1	0
3461	0	0
3462	0	1
3463	1	1
3464	0	0
3465	1	1
3466	0	0
3467	0	1
3468	0	0
3469	1	1
3470	0	1
3471	0	0
3472	0	0
3473	0	0
3474	1	1
3475	0	0
3476	0	0
3477	0	0
3478	0	0
3479	0	0
3480	0	1
3481	0	0
3482	0	0
3483	0	0
3484	1	1
3485	0	0
3486	0	0
3487	0	0
3488	0	0
3489	0	0
3490	0	1
3491	1	1
3492	0	0
3493	0	0
3494	0	0
3495	1	1
3496	0	0
3497	0	0
3498	1	0
3499	0	0
3500	1	1
3501	0	0
3502	0	0
3503	0	0
3504	1	1
3505	0	0
3506	0	0
3507	1	1
3508	0	0
3509	0	0
3510	0	1
3511	0	1
3512	0	0
3513	0	1
3514	0	0
3515	1	0
3516	0	0
3517	0	1
3518	1	1
3519	0	0
3520	1	0
3521	0	0
3522	1	1
3523	1	1
3524	0	0
3525	0	0
3526	0	0
3527	0	1
3528	0	0
3529	0	0
3530	0	0
3531	0	1
3532	0	0
3533	0	0
3534	0	0
3535	0	0
3536	0	0
3537	0	0
3538	0	0
3539	1	1
3540	1	1
3541	1	1
3542	0	0
3543	0	0
3544	0	0
3545	0	0
3546	0	0
3547	0	1
3548	0	0
3549	1	1
3550	1	1
3551	0	0
3552	0	1
3553	0	0
3554	0	0
3555	1	1
3556	0	0
3557	0	0
3558	1	1
3559	0	0
3560	0	0
3561	0	0
3562	0	0
3563	1	1
3564	0	0
3565	0	0
3566	0	0
3567	0	0
3568	0	0
3569	0	0
3570	0	0
3571	0	0
3572	0	1
3573	1	0
3574	1	1
3575	1	1
3576	0	0
3577	0	0
3578	0	0
3579	0	0
3580	0	0
3581	0	0
3582	1	1
3583	0	1
3584	0	0
3585	0	0
3586	0	0
3587	0	0
3588	0	0
3589	1	1
3590	0	1
3591	1	1
3592	0	0
3593	0	0
3594	0	0
3595	0	0
3596	1	1
3597	1	0
3598	1	0
3599	0	0
3600	0	0
3601	0	0
3602	0	0
3603	1	0
3604	0	0
3605	0	0
3606	0	0
3607	0	0
3608	0	0
3609	0	0
3610	0	0
3611	0	0
3612	0	1
3613	0	0
3614	0	0
3615	0	0
3616	1	1
3617	0	0
3618	0	0
3619	0	0
3620	1	0
3621	0	0
3622	1	0
3623	0	1
3624	1	0
3625	0	1
3626	0	0
3627	0	0
3628	0	0
3629	0	0
3630	1	1
3631	0	0
3632	1	0
3633	0	1
3634	0	0
3635	0	0
3636	0	0
3637	0	0
3638	1	0
3639	0	1
3640	0	0
3641	1	0
3642	1	0
3643	1	1
3644	0	0
3645	0	0
3646	0	0
3647	0	0
3648	0	0
3649	1	1
3650	0	0
3651	1	0
3652	1	1
3653	0	0
3654	0	1
3655	1	0
3656	0	1
3657	0	0
3658	1	1
3659	0	0
3660	0	0
3661	1	0
3662	0	0
3663	0	0
3664	0	0
3665	0	0
3666	0	0
3667	0	0
3668	0	1
3669	0	0
3670	0	0
3671	0	0
3672	0	0
3673	0	0
3674	0	0
3675	0	0
3676	0	0
3677	0	0
3678	0	1
3679	0	0
3680	0	0
3681	0	0
3682	1	0
3683	0	0
3684	0	0
3685	1	1
3686	1	1
3687	0	0
3688	0	0
3689	1	1
3690	0	0
3691	0	0
3692	0	1
3693	0	0
3694	0	0
3695	0	0
3696	0	0
3697	0	1
3698	0	0
3699	1	1
3700	0	0
3701	0	0
3702	0	0
3703	0	0
3704	0	0
3705	0	0
3706	0	0
3707	0	0
3708	0	0
3709	0	1
3710	0	0
3711	0	0
3712	0	1
3713	0	0
3714	0	0
3715	0	0
3716	0	0
3717	1	1
3718	0	1
3719	0	0
3720	1	0
3721	0	0
3722	0	0
3723	0	0
3724	0	0
3725	0	0
3726	0	0
3727	0	0
3728	0	1
3729	0	0
3730	0	0
3731	0	0
3732	0	0
3733	0	0
3734	0	0
3735	0	0
3736	1	0
3737	1	1
3738	0	0
3739	0	0
3740	0	0
3741	1	0
3742	0	0
3743	0	0
3744	0	0
3745	1	1
3746	0	0
3747	0	0
3748	0	0
3749	1	1
3750	0	0
3751	0	0
3752	0	0
3753	1	1
3754	0	0
3755	0	0
3756	0	0
3757	0	0
3758	1	1
3759	0	0
3760	0	0
3761	0	0
3762	1	0
3763	0	0
3764	0	0
3765	0	0
3766	0	1
3767	0	1
3768	0	0
3769	0	0
3770	0	0
3771	0	0
3772	0	0
3773	1	0
3774	0	0
3775	0	0
3776	1	0
3777	0	1
3778	0	1
3779	0	0
3780	1	1
3781	0	0
3782	0	0
3783	0	0
3784	0	0
3785	0	0
3786	0	0
3787	1	0
3788	1	0
3789	0	0
3790	0	1
3791	0	0
3792	1	0
3793	0	1
3794	1	1
3795	0	1
3796	0	0
3797	0	0
3798	0	0
3799	0	0
3800	1	1
3801	0	0
3802	0	0
3803	0	0
3804	0	0
3805	1	1
3806	0	1
3807	0	0
3808	0	1
3809	1	0
3810	0	0
3811	0	0
3812	0	0
3813	0	0
3814	1	0
3815	0	0
3816	0	1
3817	1	0
3818	0	0
3819	0	0
3820	0	0
3821	0	0
3822	0	0
3823	0	0
3824	0	1
3825	0	0
3826	0	0
3827	1	0
3828	0	0
3829	1	1
3830	0	0
3831	1	1
3832	0	0
3833	0	0
3834	1	1
3835	0	0
3836	1	1
3837	1	0
3838	0	0
3839	0	0
3840	0	0
3841	0	0
3842	0	0
3843	0	0
3844	0	0
3845	0	0
3846	0	0
3847	0	0
3848	0	0
3849	0	0
3850	0	1
3851	0	0
3852	0	0
3853	1	0
3854	0	0
3855	0	0
3856	0	0
3857	0	0
3858	0	0
3859	0	1
3860	0	0
3861	0	0
3862	0	0
3863	1	0
3864	0	0
3865	0	0
3866	0	0
3867	0	0
3868	0	0
3869	1	1
3870	0	0
3871	0	0
3872	0	0
3873	0	0
3874	0	0
3875	1	0
3876	0	0
3877	0	1
3878	0	0
3879	0	0
3880	0	0
3881	0	0
3882	0	0
3883	0	0
3884	0	0
3885	1	1
3886	0	0
3887	0	0
3888	0	0
3889	0	0
3890	1	1
3891	0	0
3892	0	0
3893	0	0
3894	0	0
3895	0	0
3896	0	1
3897	0	1
3898	0	1
3899	1	1
3900	0	0
3901	0	0
3902	0	0
3903	0	0
3904	0	0
3905	1	1
3906	0	1
3907	0	0
3908	0	0
3909	0	0
3910	0	1
3911	0	0
3912	0	0
3913	1	1
3914	0	0
3915	1	1
3916	0	0
3917	0	0
3918	0	0
3919	1	0
3920	0	1
3921	1	1
3922	0	0
3923	0	0
3924	0	0
3925	0	0
3926	1	0
3927	1	0
3928	1	1
3929	0	1
3930	1	1
3931	0	0
3932	0	0
3933	0	1
3934	1	1
3935	1	1
3936	0	0
3937	0	0
3938	1	0
3939	0	0
3940	0	0
3941	0	0
3942	0	0
3943	1	1
3944	0	0
3945	0	0
3946	0	0
3947	0	0
3948	0	0
3949	0	0
3950	0	0
3951	1	0
3952	0	0
3953	0	0
3954	0	0
3955	0	0
3956	1	1
3957	0	0
3958	0	0
3959	0	0
3960	0	0
3961	0	0
3962	0	0
3963	0	0
3964	0	0
3965	0	0
3966	0	0
3967	0	1
3968	1	0
3969	0	0
3970	0	0
3971	1	0
3972	0	0
3973	0	0
3974	1	0
3975	1	0
3976	0	0
3977	0	0
3978	0	0
3979	0	1
3980	0	0
3981	0	0
3982	1	1
3983	0	0
3984	1	0
3985	0	0
3986	1	1
3987	1	1
3988	0	0
3989	0	0
3990	0	0
3991	0	0
3992	0	0
3993	0	0
3994	0	0
3995	0	0
3996	0	0
3997	0	0
3998	0	0
3999	0	0
4000	0	1
4001	1	1
4002	0	0
4003	0	0
4004	0	0
4005	0	0
4006	1	1
4007	0	0
4008	0	0
4009	0	0
4010	1	0
4011	0	0
4012	1	1
4013	0	0
4014	0	1
4015	0	1
4016	0	0
4017	0	1
4018	0	0
4019	0	0
4020	0	0
4021	0	0
4022	0	1
4023	0	0
4024	0	0
4025	0	0
4026	0	1
4027	1	1
4028	0	0
4029	0	0
4030	0	0
4031	0	0
4032	0	1
4033	0	0
4034	1	0
4035	1	1
4036	1	0
4037	0	0
4038	0	0
4039	0	0
4040	0	1
4041	1	1
4042	1	0
4043	1	1
4044	0	0
4045	0	1
4046	0	1
4047	0	0
4048	0	0
4049	0	0
4050	0	1
4051	0	0
4052	0	0
4053	0	0
4054	0	0
4055	1	1
4056	0	0
4057	0	0
4058	0	0
4059	0	0
4060	0	0
4061	0	0
4062	0	0
4063	0	0
4064	0	1
4065	0	0
4066	0	1
4067	0	0
4068	0	0
4069	1	0
4070	0	0
4071	0	0
4072	1	0
4073	1	1
4074	0	0
4075	0	0
4076	0	0
4077	1	1
4078	0	0
4079	0	1
4080	1	1
4081	0	0
4082	0	0
4083	0	0
4084	0	0
4085	0	0
4086	0	1
4087	1	1
4088	1	0
4089	0	0
4090	0	0
4091	1	1
4092	0	0
4093	0	0
4094	0	0
4095	0	0
4096	1	0
4097	0	0
4098	0	1
4099	1	1
4100	0	0
4101	0	0
4102	0	0
4103	0	0
4104	1	1
4105	0	0
4106	0	0
4107	1	0
4108	0	0
4109	0	0
4110	0	0
4111	0	0
4112	0	0
4113	0	1
4114	0	0
4115	0	0
4116	0	0
4117	0	0
4118	0	0
4119	0	1
4120	0	0
4121	0	0
4122	1	0
4123	0	0
4124	0	0
4125	0	0
4126	0	0
4127	0	0
4128	0	0
4129	0	0
4130	1	1
4131	0	0
4132	0	0
4133	1	0
4134	0	0
4135	0	1
4136	0	0
4137	0	0
4138	1	1
4139	0	0
4140	0	0
4141	1	1
4142	1	1
4143	0	0
4144	0	0
4145	0	0
4146	0	0
4147	1	1
4148	0	0
4149	0	0
4150	0	0
4151	0	1
4152	0	0
4153	0	0
4154	0	0
4155	0	0
4156	1	1
4157	0	0
4158	0	0
4159	1	1
4160	0	0
4161	0	1
4162	0	0
4163	0	1
4164	1	1
4165	0	0
4166	0	0
4167	1	1
4168	0	0
4169	0	1
4170	0	0
4171	0	0
4172	0	0
4173	0	0
4174	0	0
4175	0	0
4176	0	0
4177	0	0
4178	0	0
4179	0	0
4180	0	0
4181	0	0
4182	1	1
4183	1	1
4184	0	0
4185	0	0
4186	1	0
4187	0	0
4188	0	0
4189	0	0
4190	0	0
4191	0	0
4192	0	1
4193	0	0
4194	1	1
4195	0	0
4196	0	0
4197	0	0
4198	1	0
4199	0	0
4200	0	0
4201	0	0
4202	0	1
4203	0	0
4204	0	1
4205	0	0
4206	0	0
4207	0	0
4208	1	0
4209	0	0
4210	0	0
4211	0	0
4212	0	0
4213	0	0
4214	0	0
4215	1	0
4216	0	0
4217	0	0
4218	0	1
4219	0	0
4220	0	0
4221	0	0
4222	1	1
4223	1	0
4224	0	0
4225	0	0
4226	1	1
4227	0	0
4228	0	0
4229	0	1
4230	0	0
4231	0	1
4232	0	0
4233	1	1
4234	0	0
4235	0	0
4236	0	1
4237	1	1
4238	1	1
4239	1	1
4240	0	0
4241	0	0
4242	0	0
4243	0	0
4244	1	0
4245	1	1
4246	0	1
4247	0	0
4248	0	0
4249	0	0
4250	1	1
4251	0	0
4252	1	0
4253	0	0
4254	1	0
4255	1	1
4256	0	1
4257	0	0
4258	0	0
4259	1	1
4260	0	0
4261	0	0
4262	1	0
4263	1	1
4264	0	0
4265	0	1
4266	0	0
4267	0	0
4268	0	0
4269	0	0
4270	0	0
4271	1	0
4272	1	1
4273	0	0
4274	0	0
4275	1	1
4276	0	0
4277	0	0
4278	0	0
4279	0	0
4280	0	0
4281	0	0
4282	1	0
4283	0	0
4284	0	0
4285	0	0
4286	0	0
4287	0	1
4288	0	0
4289	0	0
4290	0	0
4291	1	1
4292	0	0
4293	1	0
4294	0	0
4295	1	0
4296	0	0
4297	1	1
4298	1	1
4299	0	0
4300	0	0
4301	0	0
4302	0	0
4303	1	1
4304	1	0
4305	0	0
4306	1	1
4307	0	0
4308	0	0
4309	0	0
4310	0	0
4311	0	0
4312	0	0
4313	1	1
4314	0	0
4315	0	0
4316	1	1
4317	1	1
4318	0	0
4319	0	0
4320	0	0
4321	0	0
4322	0	0
4323	0	1
4324	0	0
4325	0	0
4326	0	0
4327	0	0
4328	0	0
4329	0	1
4330	0	1
4331	1	1
4332	0	0
4333	0	0
4334	0	0
4335	0	0
4336	0	0
4337	0	0
4338	0	0
4339	0	0
4340	0	0
4341	0	0
4342	0	1
4343	1	1
4344	0	1
4345	0	0
4346	0	0
4347	0	0
4348	0	0
4349	0	0
4350	0	0
4351	1	1
4352	1	1
4353	0	1
4354	0	0
4355	0	0
4356	0	0
4357	1	0
4358	0	0
4359	0	0
4360	0	1
4361	0	0
4362	0	1
4363	0	1
4364	0	0
4365	1	1
4366	0	1
4367	0	0
4368	0	1
4369	0	1
4370	0	0
4371	0	0
4372	0	0
4373	0	0
4374	0	0
4375	1	1
4376	1	1
4377	0	1
4378	0	0
4379	0	0
4380	1	0
4381	0	0
4382	1	1
4383	1	0
4384	0	1
4385	0	0
4386	1	1
4387	0	0
4388	0	0
4389	0	0
4390	0	0
4391	0	0
4392	0	0
4393	0	0
4394	1	1
4395	0	0
4396	0	0
4397	0	1
4398	1	0
4399	0	0
4400	0	0
4401	0	0
4402	1	0
4403	0	0
4404	0	0
4405	0	0
4406	1	1
4407	0	1
4408	0	0
4409	1	1
4410	0	0
4411	0	0
4412	0	1
4413	0	0
4414	0	1
4415	1	0
4416	0	0
4417	1	0
4418	0	0
4419	1	1
4420	1	0
4421	0	0
4422	1	1
4423	0	0
4424	1	1
4425	1	0
4426	0	0
4427	0	1
4428	0	0
4429	0	0
4430	0	0
4431	1	1
4432	1	0
4433	0	1
4434	0	0
4435	1	1
4436	0	0
4437	0	1
4438	0	0
4439	0	0
4440	0	0
4441	1	1
4442	1	1
4443	0	1
4444	0	0
4445	0	1
4446	0	0
4447	1	1
4448	0	0
4449	1	1
4450	0	0
4451	0	0
4452	0	0
4453	1	0
4454	1	1
4455	0	0
4456	0	0
4457	1	1
4458	0	0
4459	0	1
4460	0	0
4461	0	1
4462	0	0
4463	0	1
4464	0	0
4465	0	1
4466	0	0
4467	1	1
4468	1	1
4469	0	0
4470	0	0
4471	0	0
4472	0	0
4473	0	0
4474	0	1
4475	0	0
4476	0	0
4477	0	0
4478	0	1
4479	0	0
4480	0	0
4481	0	0
4482	0	0
4483	0	0
4484	0	0
4485	0	1
4486	0	0
4487	0	0
4488	0	0
4489	0	0
4490	0	0
4491	0	0
4492	0	1
4493	1	1
4494	1	1
4495	0	0
4496	1	1
4497	1	0
4498	0	0
4499	0	0
4500	0	1
4501	1	1
4502	0	0
4503	0	1
4504	0	0
4505	1	0
4506	1	0
4507	1	0
4508	1	1
4509	1	0
4510	0	0
4511	0	0
4512	0	0
4513	0	0
4514	1	1
4515	0	0
4516	1	0
4517	0	0
4518	1	0
4519	0	0
4520	1	0
4521	0	0
4522	1	1
4523	1	1
4524	0	0
4525	0	0
4526	1	0
4527	1	1
4528	0	0
4529	0	0
4530	0	0
4531	0	1
4532	1	0
4533	1	1
4534	0	1
4535	0	0
4536	0	0
4537	0	0
4538	1	1
4539	1	1
4540	0	0
4541	1	0
4542	1	1
4543	0	0
4544	0	0
4545	0	0
4546	1	0
4547	1	1
4548	1	0
4549	1	1
4550	0	0
4551	0	0
4552	1	1
4553	1	1
4554	1	0
4555	0	0
4556	0	0
4557	0	0
4558	0	0
4559	0	0
4560	0	0
4561	0	0
4562	1	1
4563	0	0
4564	0	0
4565	0	0
4566	1	0
4567	0	1
4568	1	1
4569	0	0
4570	1	0
4571	0	0
4572	0	0
4573	0	0
4574	1	1
4575	0	1
4576	0	0
4577	1	0
4578	0	1
4579	0	0
4580	1	0
4581	0	0
4582	1	1
4583	0	0
4584	0	0
4585	0	0
4586	0	0
4587	0	0
4588	0	0
4589	0	0
4590	0	0
4591	0	0
4592	0	0
4593	0	0
4594	0	0
4595	0	0
4596	0	0
4597	0	0
4598	0	0
4599	1	1
4600	0	0
4601	0	0
4602	0	0
4603	0	0
4604	0	0
4605	0	0
4606	0	0
4607	0	0
4608	0	1
4609	0	0
4610	1	1
4611	0	0
4612	0	0
4613	0	0
4614	0	0
4615	0	0
4616	0	0
4617	1	0
4618	1	1
4619	1	0
4620	0	0
4621	0	0
4622	1	1
4623	0	0
4624	1	1
4625	0	0
4626	0	0
4627	0	0
4628	1	1
4629	0	0
4630	0	1
4631	0	0
4632	0	0
4633	0	0
4634	0	0
4635	0	0
4636	0	0
4637	0	0
4638	1	0
4639	1	1
4640	0	1
4641	0	0
4642	0	0
4643	0	0
4644	0	0
4645	0	0
4646	0	0
4647	0	0
4648	0	0
4649	0	1
4650	1	1
4651	0	0
4652	0	0
4653	0	0
4654	0	0
4655	0	0
4656	1	0
4657	1	1
4658	1	1
4659	0	0
4660	0	0
4661	0	1
4662	0	0
4663	1	0
4664	0	0
4665	0	0
4666	0	0
4667	0	0
4668	1	1
4669	1	1
4670	0	0
4671	0	0
4672	0	1
4673	1	1
4674	0	0
4675	0	0
4676	0	0
4677	0	0
4678	0	0
4679	1	1
4680	0	0
4681	1	1
4682	0	0
4683	0	1
4684	0	0
4685	0	0
4686	0	0
4687	0	0
4688	0	1
4689	0	0
4690	0	0
4691	1	1
4692	0	1
4693	0	0
4694	0	0
4695	0	0
4696	0	0
4697	0	0
4698	1	1
4699	1	1
4700	0	0
4701	0	0
4702	1	0
4703	1	0
4704	0	0
4705	0	0
4706	0	0
4707	0	0
4708	1	1
4709	1	1
4710	0	0
4711	0	0
4712	0	0
4713	1	0
4714	0	0
4715	0	0
4716	0	0
4717	1	0
4718	1	1
4719	0	0
4720	0	0
4721	1	1
4722	0	0
4723	0	0
4724	1	1
4725	1	1
4726	0	0
4727	0	0
4728	1	0
4729	1	1
4730	0	0
4731	0	1
4732	0	0
4733	0	0
4734	0	0
4735	0	0
4736	0	0
4737	0	0
4738	1	1
4739	1	0
4740	0	0
4741	1	1
4742	0	0
4743	0	0
4744	1	0
4745	0	0
4746	1	0
4747	0	0
4748	0	0
4749	1	1
4750	1	0
4751	0	0
4752	0	0
4753	0	0
4754	0	0
4755	0	0
4756	1	1
4757	1	1
4758	0	0
4759	1	1
4760	1	0
4761	0	0
4762	0	0
4763	0	0
4764	1	1
4765	0	0
4766	0	0
4767	0	0
4768	1	0
4769	1	1
4770	0	0
4771	0	0
4772	0	0
4773	1	1
4774	0	1
4775	1	0
4776	0	1
4777	0	0
4778	0	0
4779	0	0
4780	0	0
4781	1	0
4782	0	0
4783	1	1
4784	1	1
4785	0	0
4786	0	0
4787	0	0
4788	0	0
4789	0	0
4790	0	0
4791	0	0
4792	0	0
4793	0	0
4794	1	1
4795	0	0
4796	0	0
4797	1	1
4798	0	0
4799	0	1
4800	0	0
4801	0	0
4802	0	0
4803	0	0
4804	0	0
4805	0	0
4806	0	0
4807	0	1
4808	1	0
4809	0	0
4810	0	0
4811	1	0
4812	0	0
4813	0	0
4814	1	0
4815	0	0
4816	0	0
4817	0	0
4818	0	0
4819	1	1
4820	0	0
4821	0	0
4822	0	0
4823	1	0
4824	1	0
4825	0	1
4826	0	0
4827	0	0
4828	1	1
4829	0	1
4830	0	0
4831	1	1
4832	0	0
4833	0	0
4834	0	0
4835	1	1
4836	0	1
4837	0	1
4838	0	0
4839	0	0
4840	0	0
4841	0	0
4842	1	1
4843	0	0
4844	0	0
4845	1	1
4846	0	0
4847	1	1
4848	0	0
4849	0	0
4850	1	1
4851	0	0
4852	1	1
4853	1	0
4854	0	0
4855	0	1
4856	0	0
4857	0	0
4858	0	0
4859	0	0
4860	0	0
4861	0	0
4862	0	0
4863	0	0
4864	1	1
4865	0	0
4866	0	0
4867	0	0
4868	0	1
4869	0	1
4870	0	1
4871	1	0
4872	0	0
4873	0	0
4874	1	0
4875	0	0
4876	0	0
4877	0	0
4878	0	0
4879	1	1
4880	0	0
4881	0	0
4882	0	0
4883	1	1
4884	0	0
4885	0	0
4886	0	0
4887	0	0
4888	0	0
4889	0	0
4890	0	0
4891	0	0
4892	0	0
4893	1	1
4894	1	0
4895	0	0
4896	1	1
4897	0	0
4898	0	1
4899	0	0
4900	0	1
4901	0	0
4902	0	0
4903	0	0
4904	1	1
4905	0	0
4906	1	0
4907	1	0
4908	0	0
4909	0	1
4910	0	0
4911	0	0
4912	0	0
4913	1	0
4914	1	0
4915	0	0
4916	0	0
4917	0	0
4918	0	0
4919	1	1
4920	1	0
4921	1	1
4922	0	0
4923	0	0
4924	0	0
4925	0	0
4926	0	0
4927	0	0
4928	0	0
4929	0	1
4930	0	0
4931	1	0
4932	0	0
4933	0	0
4934	0	1
4935	0	0
4936	0	0
4937	0	0
4938	0	0
4939	1	0
4940	1	1
4941	0	0
4942	0	0
4943	0	1
4944	0	0
4945	0	0
4946	0	0
4947	0	0
4948	1	0
4949	1	1
4950	1	1
4951	0	0
4952	0	0
4953	0	0
4954	0	0
4955	0	0
4956	0	1
4957	0	0
4958	0	0
4959	1	1
4960	0	0
4961	0	0
4962	1	1
4963	0	0
4964	0	0
4965	0	0
4966	0	0
4967	1	1
4968	0	0
4969	0	0
4970	0	0
4971	0	0
4972	0	0
4973	1	1
4974	0	0
4975	1	1
4976	0	0
4977	0	0
4978	0	0
4979	1	1
4980	0	0
4981	0	0
4982	0	0
4983	0	0
4984	0	0
4985	0	0
4986	0	0
4987	0	1
4988	0	0
4989	0	0
4990	0	0
4991	0	0
4992	0	0
4993	0	0
4994	0	0
4995	0	0
4996	0	0
4997	0	0
4998	0	0
4999	0	1
5000	0	0
5001	1	0
5002	0	0
5003	0	0
5004	0	0
5005	0	0
5006	1	0
5007	0	0
5008	0	0
5009	0	0
5010	0	0
5011	0	0
5012	1	1
5013	0	0
5014	0	1
5015	0	0
5016	0	0
5017	1	1
5018	0	0
5019	1	0
5020	0	1
5021	1	1
5022	0	0
5023	1	1
5024	0	0
5025	1	0
5026	1	0
5027	0	0
5028	0	0
5029	0	0
5030	1	1
5031	1	1
5032	0	0
5033	0	0
5034	0	0
5035	1	1
5036	0	0
5037	0	0
5038	1	1
5039	0	0
5040	0	0
5041	0	0
5042	1	1
5043	1	1
5044	0	0
5045	0	1
5046	0	0
5047	0	0
5048	0	0
5049	1	1
5050	0	0
5051	1	0
5052	0	0
5053	0	0
5054	0	0
5055	0	0
5056	0	0
5057	1	1
5058	0	0
5059	0	0
5060	0	0
5061	0	0
5062	1	1
5063	0	0
5064	0	0
5065	0	0
5066	0	0
5067	1	0
5068	0	0
5069	1	1
5070	0	0
5071	0	0
5072	1	0
5073	0	0
5074	1	1
5075	0	0
5076	1	1
5077	1	1
5078	0	0
5079	1	0
5080	0	0
5081	1	1
5082	0	1
5083	0	0
5084	0	0
5085	0	0
5086	1	1
5087	1	1
5088	0	0
5089	0	0
5090	0	0
5091	1	1
5092	0	1
5093	0	0
5094	0	0
5095	1	1
5096	0	0
5097	0	0
5098	0	0
5099	0	0
5100	0	0
5101	0	0
5102	1	0
5103	0	0
5104	0	0
5105	0	0
5106	1	1
5107	0	0
5108	1	1
5109	0	0
5110	0	0
5111	0	1
5112	0	0
5113	0	0
5114	1	1
5115	0	0
5116	1	1
5117	1	1
5118	0	0
5119	0	1
5120	0	0
5121	0	0
5122	0	1
5123	0	0
5124	0	0
5125	0	0
5126	0	0
5127	0	0
5128	0	0
5129	1	1
5130	0	0
5131	0	0
5132	0	0
5133	0	0
5134	1	0
5135	1	1
5136	1	1
5137	0	0
5138	0	1
5139	1	1
5140	0	1
5141	0	0
5142	0	0
5143	0	0
5144	0	0
5145	1	0
5146	0	0
5147	0	0
5148	0	0
5149	0	0
5150	0	0
5151	0	0
5152	0	0
5153	0	0
5154	0	0
5155	0	0
5156	1	0
5157	0	0
5158	0	0
5159	1	0
5160	0	0
5161	0	0
5162	1	0
5163	0	0
5164	1	1
5165	0	0
5166	0	0
5167	0	1
5168	0	0
5169	0	1
5170	0	0
5171	0	0
5172	0	1
5173	0	0
5174	1	1
5175	0	0
5176	0	0
5177	0	0
5178	0	0
5179	0	0
5180	0	0
5181	0	0
5182	0	0
5183	1	1
5184	1	1
5185	0	0
5186	0	0
5187	0	0
5188	0	1
5189	0	0
5190	1	0
5191	0	0
5192	0	0
5193	1	1
5194	0	0
5195	1	1
5196	1	1
5197	0	0
5198	0	0
5199	0	0
5200	0	0
5201	0	0
5202	1	1
5203	0	0
5204	1	1
5205	0	0
5206	0	0
5207	0	0
5208	0	0
5209	0	0
5210	0	0
5211	1	1
5212	0	0
5213	0	0
5214	1	1
5215	0	0
5216	1	1
5217	1	1
5218	1	0
5219	0	0
5220	0	0
5221	1	1
5222	0	1
5223	0	1
5224	1	1
5225	0	0
5226	0	0
5227	1	1
5228	0	0
5229	1	1
5230	0	0
5231	0	1
5232	0	0
5233	0	0
5234	0	0
5235	0	1
5236	0	0
5237	0	0
5238	1	1
5239	1	1
5240	0	0
5241	1	1
5242	0	0
5243	0	0
5244	0	0
5245	0	0
5246	0	0
5247	0	1
5248	0	0
5249	0	0
5250	0	0
5251	0	0
5252	0	0
5253	0	0
5254	0	0
5255	0	0
5256	0	0
5257	0	0
5258	1	1
5259	1	0
5260	0	0
5261	0	0
5262	0	0
5263	0	0
5264	1	1
5265	1	1
5266	0	0
5267	0	0
5268	0	0
5269	0	0
5270	1	1
5271	0	0
5272	0	0
5273	0	0
5274	1	0
5275	1	1
5276	0	0
5277	0	0
5278	0	0
5279	0	0
5280	0	0
5281	0	1
5282	0	0
5283	0	1
5284	0	0
5285	0	0
5286	1	1
5287	1	1
5288	1	1
5289	0	1
5290	0	0
5291	0	1
5292	0	0
5293	0	0
5294	0	0
5295	0	0
5296	0	0
5297	0	0
5298	1	1
5299	0	0
5300	0	0
5301	0	0
5302	0	0
5303	0	0
5304	0	0
5305	0	0
5306	0	0
5307	0	0
5308	0	0
5309	0	0
5310	0	0
5311	0	0
5312	1	1
5313	1	1
5314	1	0
5315	0	0
5316	1	0
5317	0	0
5318	0	0
5319	0	0
5320	0	0
5321	0	0
5322	0	0
5323	0	0
5324	0	1
5325	0	0
5326	0	0
5327	0	0
5328	0	0
5329	1	1
5330	1	1
5331	1	1
5332	1	0
5333	0	0
5334	0	0
5335	0	0
5336	1	1
5337	0	0
5338	1	0
5339	0	0
5340	0	0
5341	0	0
5342	0	0
5343	0	0
5344	0	0
5345	0	0
5346	0	0
5347	0	0
5348	0	0
5349	0	0
5350	0	0
5351	1	0
5352	0	0
5353	1	1
5354	0	0
5355	0	0
5356	0	0
5357	0	0
5358	0	0
5359	0	0
5360	0	0
5361	0	1
5362	0	0
5363	0	0
5364	0	0
5365	0	0
5366	0	0
5367	0	0
5368	0	0
5369	1	0
5370	0	0
5371	0	0
5372	0	1
5373	0	0
5374	0	0
5375	0	0
5376	0	0
5377	0	1
5378	1	1
5379	0	0
5380	0	0
5381	0	0
5382	0	0
5383	1	1
5384	0	0
5385	0	1
5386	0	0
5387	0	0
5388	1	0
5389	0	0
5390	0	0
5391	0	1
5392	0	0
5393	1	0
5394	0	0
5395	1	1
5396	0	0
5397	0	0
5398	0	0
5399	0	1
5400	0	0
5401	1	0
5402	0	0
5403	1	1
5404	1	0
5405	1	1
5406	0	0
5407	0	1
5408	0	0
5409	0	0
5410	0	0
5411	0	0
5412	0	0
5413	0	0
5414	1	0
5415	0	0
5416	0	0
5417	0	1
5418	0	0
5419	1	1
5420	1	1
5421	0	0
5422	0	0
5423	0	0
5424	0	0
5425	0	0
5426	0	1
5427	1	1
5428	1	1
5429	1	1
5430	0	1
5431	0	1
5432	0	0
5433	1	1
5434	0	0
5435	0	0
5436	0	0
5437	1	1
5438	1	1
5439	0	0
5440	0	0
5441	0	0
5442	0	1
5443	1	1
5444	0	0
5445	0	0
5446	1	1
5447	0	1
5448	0	0
5449	0	0
5450	0	0
5451	0	0
5452	0	0
5453	0	0
5454	0	0
5455	0	0
5456	0	1
5457	0	1
5458	0	0
5459	0	0
5460	1	1
5461	1	1
5462	0	0
5463	0	0
5464	0	0
5465	0	0
5466	0	0
5467	0	0
5468	0	0
5469	0	0
5470	0	0
5471	0	0
5472	0	0
5473	1	1
5474	0	0
5475	0	0
5476	1	1
5477	1	1
5478	1	1
5479	0	1
5480	0	0
5481	0	0
5482	0	0
5483	1	1
5484	0	0
5485	0	0
5486	1	1
5487	0	1
5488	0	0
5489	0	0
5490	0	0
5491	0	0
5492	1	0
5493	0	0
5494	0	0
5495	0	0
5496	0	0
5497	0	0
5498	0	0
5499	0	0
5500	0	0
5501	0	0
5502	1	1
5503	0	0
5504	1	1
5505	0	0
5506	0	0
5507	1	1
5508	0	0
5509	0	0
5510	0	0
5511	0	0
5512	1	1
5513	0	0
5514	1	1
5515	0	1
5516	0	0
5517	0	0
5518	0	0
5519	1	0
5520	0	1
5521	0	0
5522	0	0
5523	1	1
5524	0	0
5525	0	0
5526	1	1
5527	0	0
5528	0	1
5529	0	0
5530	1	1
5531	0	0
5532	0	0
5533	0	1
5534	0	0
5535	0	0
5536	1	0
5537	0	0
5538	0	1
5539	1	0
5540	0	0
5541	1	0
5542	0	0
5543	0	0
5544	1	0
5545	0	0
5546	0	0
5547	0	0
5548	1	1
5549	1	1
5550	0	0
5551	0	0
5552	0	0
5553	0	1
5554	0	0
5555	1	0
5556	1	1
5557	0	0
5558	0	0
5559	0	0
5560	0	1
5561	0	0
5562	0	1
5563	0	0
5564	0	0
5565	1	1
5566	0	0
5567	0	0
5568	0	0
5569	1	0
5570	0	0
5571	1	1
5572	0	0
5573	1	1
5574	0	0
5575	0	1
5576	0	0
5577	1	1
5578	0	0
5579	1	0
5580	0	1
5581	0	0
5582	0	1
5583	0	0
5584	0	0
5585	0	0
5586	0	0
5587	0	0
5588	0	0
5589	0	0
5590	0	0
5591	0	0
5592	0	0
5593	0	0
5594	0	1
5595	1	1
5596	0	0
5597	0	0
5598	0	0
5599	0	0
5600	0	0
5601	1	1
5602	1	0
5603	0	0
5604	0	0
5605	0	0
5606	0	0
5607	0	0
5608	0	0
5609	0	0
5610	0	0
5611	0	0
5612	0	0
5613	0	0
5614	0	0
5615	0	0
5616	0	0
5617	0	0
5618	0	0
5619	0	1
5620	0	0
5621	0	0
5622	1	0
5623	1	0
5624	0	0
5625	1	0
5626	0	0
5627	0	0
5628	0	1
5629	0	0
5630	1	0
5631	1	1
5632	0	0
5633	1	0
5634	0	0
5635	1	1
5636	0	0
5637	0	0
5638	0	0
5639	1	1
5640	0	0
5641	1	1
5642	0	0
5643	1	0
5644	1	1
5645	1	1
5646	0	0
5647	1	1
5648	0	0
5649	0	0
5650	0	0
5651	0	0
5652	1	0
5653	0	0
5654	0	0
5655	0	0
5656	0	0
5657	0	0
5658	0	0
5659	0	0
5660	1	0
5661	0	0
5662	1	1
5663	1	1
5664	1	1
5665	0	0
5666	1	1
5667	0	0
5668	1	0
5669	0	0
5670	0	1
5671	0	0
5672	0	0
5673	0	1
5674	0	0
5675	0	1
5676	1	1
5677	0	0
5678	1	0
5679	1	1
5680	0	1
5681	1	1
5682	1	1
5683	0	1
5684	0	1
5685	0	0
5686	1	1
5687	0	0
5688	0	0
5689	0	0
5690	1	1
5691	0	0
5692	1	0
5693	0	0
5694	0	0
5695	0	0
5696	0	0
5697	0	0
5698	0	0
5699	0	0
5700	0	0
5701	0	0
5702	0	0
5703	0	0
5704	0	0
5705	0	1
5706	0	1
5707	1	0
5708	0	0
5709	1	0
5710	1	1
5711	0	0
5712	0	1
5713	0	0
5714	0	0
5715	0	0
5716	0	1
5717	0	0
5718	0	0
5719	1	1
5720	0	0
5721	0	0
5722	0	0
5723	0	0
5724	0	0
5725	0	0
5726	0	0
5727	0	0
5728	0	0
5729	0	1
5730	0	0
5731	0	0
5732	0	1
5733	0	0
5734	0	0
5735	0	1
5736	0	1
5737	0	0
5738	0	0
5739	0	0
5740	0	0
5741	0	0
5742	1	1
5743	1	0
5744	0	0
5745	0	0
5746	0	1
5747	0	0
5748	1	1
5749	0	0
5750	0	0
5751	1	1
5752	0	0
5753	0	0
5754	0	0
5755	0	0
5756	0	0
5757	1	0
5758	1	0
5759	0	0
5760	0	0
5761	0	0
5762	0	1
5763	1	1
5764	0	0
5765	0	0
5766	0	0
5767	0	0
5768	0	0
5769	0	0
5770	0	1
5771	1	1
5772	1	0
5773	1	0
5774	0	1
5775	0	1
5776	0	0
5777	0	0
5778	1	0
5779	0	0
5780	0	0
5781	0	0
5782	1	1
5783	1	0
5784	1	1
5785	0	0
5786	0	0
5787	0	0
5788	0	0
5789	0	0
5790	1	1
5791	1	1
5792	0	0
5793	0	0
5794	0	0
5795	1	1
5796	0	1
5797	0	0
5798	0	1
5799	1	0
5800	0	0
5801	0	1
5802	0	0
5803	0	1
5804	0	0
5805	0	1
5806	0	0
5807	0	0
5808	1	1
5809	0	0
5810	1	1
5811	0	0
5812	0	0
5813	0	0
5814	1	1
5815	0	0
5816	0	0
5817	0	0
5818	0	0
5819	0	0
5820	1	1
5821	0	0
5822	0	0
5823	0	0
5824	0	0
5825	0	0
5826	0	0
5827	1	1
5828	0	0
5829	0	0
5830	0	0
5831	1	0
5832	0	0
5833	0	0
5834	0	0
5835	0	1
5836	0	0
5837	0	0
5838	0	0
5839	0	1
5840	1	0
5841	0	0
5842	0	0
5843	0	0
5844	1	0
5845	0	0
5846	1	1
5847	1	0
5848	0	0
5849	1	1
5850	0	1
5851	0	0
5852	0	0
5853	0	0
5854	0	1
5855	0	0
5856	0	0
5857	0	0
5858	0	0
5859	0	0
5860	0	0
5861	1	0
